LGA_code,LGA_Name,LGA_Name_abbr,MedianAge,MedianMortgage,MedianPersonIncome,MedianRent,MedianFamilyIncome,AverageBedroom,MedianHouseholdIncome,AverageHouseSize,Male,Female,Area,Population,Citizen,MaleAge(0-14),MaleAge(15-24),MaleAge(25-34),MaleAge(35-44),MaleAge(45-54),MaleAge(55-64),MaleAge(65-74),MaleAge(75-84),MaleAge(0ver85),TotalMale(allages),FemaleAge(0-14),FemaleAge(15-24),FemaleAge(25-34),FemaleAge(35-44),FemaleAge(45-54),FemaleAge(55-64),FemaleAge(65-74),FemaleAge(75-84),FemaleAge(0ver85),TotalFemale(allages),WeeklyFamilyHouseholdsIncome(Negative),WeeklyFamilyHouseholdsIncome(1-149),WeeklyFamilyHouseholdsIncome(150-299),WeeklyFamilyHouseholdsIncome(300-399),WeeklyFamilyHouseholdsIncome(400-499),WeeklyFamilyHouseholdsIncome(500-649)WeeklyFamilyHouseholdsIncome(650-799),WeeklyFamilyHouseholdsIncome(800-999),,WeeklyFamilyHouseholdsIncome(1000-1249),WeeklyFamilyHouseholdsIncome(1250-1499),WeeklyFamilyHouseholdsIncome(1500-1749),WeeklyFamilyHouseholdsIncome(1750-1999),WeeklyFamilyHouseholdsIncome(2000-2499),WeeklyFamilyHouseholdsIncome(2500-2999),WeeklyFamilyHouseholdsIncome(3000-3499),WeeklyFamilyHouseholdsIncome(3500-3999),WeeklyFamilyHouseholdsIncome(Over4000),WeeklyFamilyHouseholdsIncome(PartialIncomeStated),WeeklyFamilyHouseholdsIncome(NotStated),WeeklyNon-FamilyHouseholdsIncome(Negative),WeeklyNon-FamilyHouseholdsIncome(1-149),WeeklyNon-FamilyHouseholdsIncome(150-299),WeeklyNon-FamilyNon-HouseholdsIncome(300-399),WeeklyNon-FamilyHouseholdsIncome(400-499),WeeklyNon-FamilyHouseholdsIncome(500-649)WeeklyNon-FamilyHouseholdsIncome(650-799),WeeklyNon-FamilyHouseholdsIncome(800-999),,WeeklyNon-FamilyHouseholdsIncome(1000-1249),WeeklyNon-FamilyHouseholdsIncome(1250-1499),WeeklyNon-FamilyHouseholdsIncome(1500-1749),WeeklyNon-FamilyHouseholdsIncome(1750-1999),WeeklyNon-FamilyHouseholdsIncome(2000-2499),WeeklyNon-FamilyHouseholdsIncome(2500-2999),WeeklyNon-FamilyHouseholdsIncome(3000-3499),WeeklyNon-FamilyHouseholdsIncome(3500-3999),WeeklyNon-FamilyHouseholdsIncome(Over4000),WeeklyNon-FamilyHouseholdsIncome(PartialIncomeStated),WeeklyNon-FamilyHouseholdsIncome(NotStated),NoneBedroom,1Bedroom,2Bedrooms,3Bedrooms,4Bedrooms,5Bedrooms,Bedrooms(Over6),NotStated,OneMethodbyTrain,OneMethodbyBus,OneMethodbyFerry,OneMethodbyTram(IncludesLightRail),OneMethodbyTaxi,OneMethodbyCarasDriver,OneMethodbyCarasPassenger,OneMethodbyTruck,OneMethodbyMotorbikeorscooter,OneMethodbyBicycle,OtherOneMethod,OneMethodbyWalk,TwoMethodsByTrainAndBus,TwoMethodsByTrainAndFerry,TwoMethodsByTrainAndTram(IncludesLightRail),,TwoMethodsByTrainAndCarasDriver,TwoMethodsByTrainAndCarasPassenger,TwoMethodsByBusAndFerry,TwoMethodsByBusAndTram(IncludesLightRail),,TwoMethodsByBusAndCarasDriver,TwoMethodsByBusAndCarasPassenger,OtherTwoMethods,ThreeMethodsByTrainandOtherTwoMethods,BusandTwoOtherMethods(ExcludesTrain),OtherThreeMethods,Male>=70,Male<70,Female>=70,Female<70,Person>=70,Person<70,LowIncomePersons,LowIncome%,LonePerson,LonePerson%,PercentofPublicTransportation
LGA10050,Albury(C),Albury,39,1421,642,231,1532,0.8,1185,2.3,24662,26411,305.9,51076,45032,4635,2982,2859,2707,2860,2726,2009,1013,340,22120,4425,3086,3019,2985,3092,3007,2234,1352,519,23712,71,55,92,113,396,409,1046,880,1133,1174,881,870,1594,1026,642,342,575,1136,236,147,94,401,642,1206,697,633,684,572,418,258,182,254,44,20,98,13,144,320,54,646,4188,8292,5026,683,128,475,15,126,6,3,38,16987,1102,134,118,218,99,760,3,0,0,8,0,4,0,0,4,13,4,141,6,0,11,2755,21909,3657,22760,6422,44676,15167,0.365751905083438,6019,0.131324591451574,1.68
LGA10130,ArmidaleRegional(A),Armidale.R.,36,1393,561,250,1465,0.8,1173,2.4,14227,15220,8620.7,29449,25226,2469,1782,1470,1312,1574,1505,1163,597,165,12032,2429,1821,1544,1487,1692,1648,1223,763,288,12897,56,28,60,55,204,248,575,511,599,628,469,465,784,487,304,188,346,680,116,76,58,221,306,607,349,348,286,281,160,149,116,159,20,9,49,8,89,186,32,472,1859,4269,2660,595,144,243,8,49,0,3,37,7906,796,151,102,117,91,663,0,0,0,4,0,0,0,0,3,7,4,101,3,3,7,1496,12724,1963,13246,3466,25986,9947,0.412481857764877,2985,0.119711249248045,1.84
LGA10250,Ballina(A),Ballina,48,1733,601,340,1426,0.8,1156,2.3,20127,21658,484.9,41790,37330,3441,1883,1582,2011,2465,2728,2415,1242,489,18255,3087,1793,1726,2277,2827,3087,2529,1553,753,19632,55,37,80,73,307,339,1108,824,1170,1050,709,762,1290,750,467,264,592,994,179,89,51,238,467,1107,612,497,434,409,221,164,143,163,25,13,73,8,119,311,54,569,3316,6910,4008,751,175,440,13,97,5,3,6,11946,788,202,108,213,117,548,3,0,0,8,0,0,0,0,4,14,4,130,0,0,10,3221,16909,4099,17545,7323,34469,13292,0.381296615031555,4598,0.121376907238266,1.98
LGA10300,Balranald(A),Balranald,41,950,624,150,1438,0.8,1174,2.5,1177,1115,21690.7,2287,1974,233,136,86,131,138,165,101,39,7,1041,206,92,121,117,127,162,78,62,13,979,10,0,6,0,8,20,40,45,50,58,57,39,55,41,10,3,20,83,18,12,4,9,34,47,20,24,16,16,9,7,3,3,0,0,7,0,6,24,3,30,113,376,214,20,8,36,0,3,0,0,0,601,48,12,5,6,15,104,0,0,0,0,0,0,0,0,0,0,0,3,0,0,0,112,1066,131,983,235,2055,623,0.345918933925597,221,0.109623015873016,0.75
LGA10470,BathurstRegional(A),Bathurst.R.,37,1670,646,280,1632,0.8,1310,2.5,20695,20605,3817.9,41300,36060,3980,2421,2259,2050,2240,2169,1662,754,230,17764,3691,2413,2238,2277,2455,2268,1731,958,385,18413,54,43,76,78,270,320,724,623,823,872,660,645,1256,899,619,339,525,942,164,96,55,261,349,849,436,374,395,381,278,216,178,175,27,12,58,8,108,214,52,531,2085,5559,4633,982,217,349,21,51,8,0,39,12835,962,209,61,85,83,685,4,0,0,10,0,0,0,0,3,7,6,100,8,0,8,2008,18681,2567,18041,4581,36723,11933,0.359633525210211,3887,0.107446926138877,1.44
LGA10500,Bayside(A),Bayside,39,2500,809,570,2468,0.8,2328,3.1,70323,73420,11501.72,143738,122704,14594,9811,6802,9311,9555,8229,5866,2481,753,67404,13781,9014,7158,10572,10514,8914,6228,2852,1172,70215,314,152,181,127,464,477,1255,1332,1967,1974,1696,1913,4511,3735,3150,2848,8272,3787,317,182,95,214,382,913,631,496,507,534,390,356,276,508,55,37,236,49,138,253,41,788,3319,11200,21096,6453,1197,624,1024,8865,7,15,74,43775,2523,383,274,159,299,810,1043,0,3,817,125,8,4,0,828,239,40,320,387,49,15,6356,63965,7835,65594,14196,129541,40098,0.349456180715332,5616,0.0408106910058062,30.8
LGA10550,BegaValley(A),Bega.V.,51,1343,538,250,1242,0.8,986,2.2,16252,17001,6278.9,33253,29762,2519,1363,1068,1313,1928,2624,2238,1069,305,14430,2385,1311,1162,1531,2192,2818,2208,1108,401,15114,63,67,75,76,391,337,999,752,1035,903,529,507,903,472,266,130,233,976,144,87,74,267,467,1068,457,384,398,303,193,92,88,82,9,4,56,3,52,257,97,622,2662,5913,2922,513,112,379,12,54,0,0,6,8566,530,177,65,56,110,644,0,0,0,4,0,0,0,0,3,9,0,77,0,0,11,2682,13558,2982,14007,5656,27593,11858,0.423590769450596,4024,0.136203628486326,1.54
LGA10600,Bellingen(A),Bellingen,49,1400,515,280,1218,0.8,997,2.3,6123,6548,1600.4,12668,11370,1023,541,421,574,752,980,761,396,100,5556,1045,485,455,654,925,1066,758,432,160,5976,18,18,35,29,129,147,380,301,395,317,211,230,312,175,88,56,91,368,48,36,18,108,174,387,178,127,122,124,57,34,35,44,7,0,16,3,21,103,52,274,949,2212,1103,191,49,140,3,10,0,0,3,3025,207,65,30,26,34,252,3,0,0,0,0,0,0,0,0,0,0,24,3,0,0,950,5155,1084,5467,2034,10635,4639,0.443287147634974,1440,0.124880756222357,1.17
LGA10650,Berrigan(A),Berrigan,49,1083,524,180,1251,0.7,967,2.2,4224,4236,2065.8,8462,7414,668,352,317,360,399,554,591,296,95,3632,640,304,339,405,429,565,544,305,110,3642,17,19,26,15,101,74,266,151,235,197,125,149,211,119,50,33,68,199,51,26,8,84,117,269,115,95,97,93,30,29,28,32,0,0,21,0,12,97,13,100,588,1525,781,120,26,112,3,8,0,3,0,2077,118,52,13,25,38,209,0,0,0,0,0,0,0,0,0,0,0,15,0,0,0,790,3451,847,3368,1639,6819,2950,0.420347677400969,1077,0.148163433759802,1.13
LGA10750,Blacktown(C),Blacktown,33,2150,672,380,1817,0.9,1711,3.2,167574,169390,240,336962,272053,37859,22682,23668,24273,19570,15459,9720,3936,960,158125,35771,21385,25677,24477,20256,16425,10442,4716,1534,160687,712,326,612,590,1847,2107,4680,4166,5734,6174,5502,5778,12099,8512,5785,3793,6600,7193,1163,618,223,1138,1817,2850,1181,1206,1545,1568,1158,882,666,891,168,86,256,73,390,1005,306,2153,9412,45627,33350,6367,1280,2615,13962,5325,14,22,292,91922,7669,1473,614,291,647,1717,4285,12,48,2885,1028,156,6,4,423,262,37,799,1346,31,29,9720,157866,12073,157323,21811,315162,100249,0.385119820518928,15363,0.048187971670002,22.65
LGA10800,Bland(A),Bland,43,1000,580,150,1360,0.7,1100,2.4,2971,2988,8557.7,5955,5145,550,261,253,303,323,384,282,171,59,2587,565,232,258,299,300,351,259,204,95,2564,20,6,18,16,53,47,140,111,170,110,80,112,145,83,55,38,73,165,46,17,9,36,88,135,61,58,53,59,33,23,17,20,0,0,20,0,0,63,9,58,271,982,637,114,19,92,3,61,0,0,0,1349,152,51,4,12,48,154,0,0,0,0,0,0,0,0,8,0,0,15,0,0,8,426,2529,498,2498,914,5028,1760,0.372486772486772,669,0.12995337995338,4.66
LGA10850,Blayney(A),Blayney,42,1500,620,220,1581,0.8,1227,2.5,3613,3647,1524.6,7257,6615,739,348,299,365,465,459,347,179,57,3265,684,362,354,422,469,454,332,187,68,3340,11,15,24,18,55,61,152,126,155,170,114,133,234,146,93,68,94,190,35,21,8,57,84,157,77,67,63,59,26,26,18,23,4,0,9,0,6,58,6,74,329,1146,789,153,54,97,4,14,0,3,0,2164,112,62,18,3,17,137,0,0,0,0,0,0,0,0,0,0,0,13,0,0,0,446,3143,484,3172,934,6326,2233,0.388280299078421,712,0.10779712339137,1.33
LGA10900,BlueMountains(C),Blue.M.,44,1842,688,350,1866,0.8,1468,2.5,37119,39782,1431.1,76904,69282,6939,4055,3157,4297,4832,5079,3932,1625,415,34333,6577,3773,3380,4801,5433,5767,4416,1972,717,36839,105,65,95,101,404,492,1248,1180,1685,1551,1271,1344,2643,2043,1316,953,1812,1888,215,175,89,390,623,1528,883,733,765,647,502,404,336,407,54,24,120,20,148,377,57,874,4082,12377,8302,1987,433,511,2806,127,3,7,67,21713,1221,360,179,120,171,916,277,0,7,567,134,95,0,0,15,9,3,186,173,0,7,4183,32933,5428,34355,9609,67298,22730,0.36176985516473,7386,0.103773850001405,15.12
LGA10950,Bogan(A),Bogan,40,1083,634,160,1561,0.8,1155,2.4,1355,1334,14599.9,2692,2322,234,138,134,128,181,124,116,86,14,1159,238,138,130,126,161,112,132,84,26,1151,6,0,6,3,27,20,63,44,42,36,38,38,79,42,35,17,36,97,26,3,0,20,32,74,22,17,30,27,17,18,13,18,0,0,7,0,8,23,4,29,180,427,246,42,8,31,0,52,0,0,0,669,56,15,7,10,5,98,0,0,0,0,0,0,0,0,3,0,0,6,0,0,0,177,1167,208,1125,388,2300,778,0.363551401869159,297,0.12885032537961,6.62
LGA11150,Bourke(A),Bourke,36,991,719,140,1562,0.8,1243,2.5,1301,1329,41599.5,2634,2062,251,102,139,105,150,128,92,40,11,1014,257,117,158,130,146,110,85,49,16,1066,5,3,3,6,14,9,43,40,31,47,27,33,61,49,27,14,16,87,32,7,0,19,16,44,17,20,33,29,12,12,11,15,0,0,8,0,5,22,3,52,119,351,208,43,18,45,0,3,0,0,4,554,68,16,7,9,17,158,0,0,0,0,0,0,0,0,0,0,0,7,0,0,4,103,1195,130,1196,239,2396,585,0.290178571428572,266,0.128131021194605,1.18
LGA11200,Brewarrina(A),Brewarrina,34,433,439,90,923,0.9,864,2.6,849,802,19163.5,1651,1462,179,68,95,70,128,100,52,18,6,728,168,103,102,71,111,90,51,23,10,729,4,7,10,15,25,19,32,40,28,24,26,14,25,13,10,3,12,52,27,0,0,19,29,33,17,10,12,6,12,10,7,3,0,0,3,0,3,12,5,28,101,224,143,20,5,30,0,7,0,0,0,226,37,18,13,4,4,110,0,0,0,0,0,0,0,0,0,0,0,3,0,0,3,59,783,51,741,110,1545,597,0.468602825745683,162,0.111878453038674,2.35
LGA11250,BrokenHill(C),Broken.H.,45,953,527,190,1279,0.7,965,2.2,8615,9091,170.1,17708,15992,1404,908,870,800,1029,1182,900,445,160,7684,1373,844,985,871,1072,1224,926,635,264,8193,22,19,45,53,207,203,503,355,406,328,235,269,426,300,183,100,188,474,148,43,27,185,325,650,244,198,169,172,117,102,94,95,7,8,39,0,32,207,19,257,1450,3859,1144,175,41,233,3,31,5,0,9,4836,415,36,48,34,25,321,0,0,0,0,0,0,0,0,3,3,0,26,3,0,0,1141,7482,1583,7505,2718,14999,6222,0.421344890634523,2532,0.159516159516159,1.28
LGA11300,Burwood(A),Burwood,33,2200,552,500,1725,1.1,1569,2.9,17785,19028,7.1,36809,23674,2305,3023,3671,2000,1916,1545,1003,684,267,16408,2280,3169,3691,2087,2143,1783,1216,879,386,17638,175,83,73,50,182,195,470,381,555,558,470,494,990,760,529,376,1070,759,73,383,64,157,283,372,243,207,254,312,212,201,151,259,81,50,95,71,178,130,116,962,4123,3639,1850,662,246,354,4827,547,3,16,21,6466,529,119,77,70,74,829,976,6,28,141,81,31,0,0,23,15,6,73,121,5,0,1659,16124,2198,16839,3861,32970,14118,0.441132358455193,2398,0.0704341185454973,45.74
LGA11350,Byron(A),Byron,44,1733,596,400,1389,0.8,1149,2.4,15197,16361,565.8,31556,25584,2363,1215,1317,1713,1894,2269,1464,473,175,12877,2348,1184,1523,2068,2277,2352,1377,585,299,14014,53,42,62,67,234,296,554,519,713,703,469,471,754,480,257,187,427,949,108,63,58,207,328,731,428,364,339,311,233,140,107,165,49,25,68,23,240,151,175,818,1974,5077,2423,438,124,341,14,73,3,3,19,8048,471,129,95,334,135,572,4,0,0,3,0,4,0,0,3,6,3,73,5,3,12,1469,13729,1762,14586,3213,28351,9524,0.362611840852846,3130,0.116382836320369,1.97
LGA11400,Cabonne(A),Cabonne,43,1517,631,180,1618,0.8,1301,2.6,6692,6699,6022.3,13386,12233,1400,663,526,680,838,841,693,352,89,6080,1326,611,576,751,876,795,679,351,119,6081,30,18,21,21,94,94,298,213,268,300,215,216,422,271,186,109,230,384,76,32,20,72,127,265,115,112,106,72,54,44,25,35,4,0,16,3,10,96,28,113,616,1830,1514,355,105,132,3,13,3,0,3,3938,239,117,26,5,47,264,0,0,0,0,0,0,0,0,0,0,0,17,0,3,5,842,5848,920,5781,1753,11636,3944,0.375654824268978,1144,0.0940866847602599,0.83
LGA11450,Camden(A),Camden,33,2220,821,460,2161,0.8,2047,3.1,38336,39884,201,78218,70123,9184,4828,5380,5547,4526,3336,2218,923,214,36150,8814,4824,5925,5854,4788,3655,2387,1095,396,37742,116,52,75,61,287,279,848,776,1130,1269,1294,1365,3209,2595,1771,1180,2113,1732,261,101,55,154,256,591,287,247,293,370,268,232,192,246,42,18,68,19,57,164,35,348,1138,6364,13025,2319,438,411,1117,257,0,4,21,28135,1562,562,133,65,159,375,284,3,0,1166,144,10,0,0,15,37,3,209,174,10,5,2359,35975,2924,36956,5283,72950,18591,0.312343542615211,3300,0.0446634003735484,9.97
LGA11500,Campbelltown(C)(NSW),Campbelltown,34,1842,632,350,1597,0.9,1459,3,77002,79999,311.9,157006,131014,16589,10568,10449,9795,8862,8399,5416,1966,460,72500,15686,10270,11496,10176,9687,9068,5768,2333,752,75249,327,138,323,355,1094,1274,2711,2402,3280,3276,2965,2821,5385,3458,2107,1331,2194,3562,628,274,150,593,992,1795,786,719,981,1002,693,539,370,452,80,29,113,34,181,551,145,887,5741,24788,13631,2872,740,1184,7621,665,4,7,102,42269,3547,757,270,98,238,811,1488,11,26,1517,492,99,0,0,23,91,8,339,557,8,10,5008,71988,6162,73826,11177,145830,48594,0.394598369441647,9181,0.0621391684546088,21.22
LGA11520,CanadaBay(A),Canada.B.,36,2500,882,565,2361,1,2061,2.6,42348,45666,19.9,88015,66281,6954,4790,7564,5990,4852,3963,2936,1595,582,39219,6638,4863,7830,6440,5659,4605,3370,1988,876,42268,353,115,140,115,398,369,899,831,1217,1196,1016,1135,2664,2048,1663,1728,4789,2099,192,560,126,353,539,895,490,472,568,689,569,559,501,953,186,108,672,196,361,310,117,2648,12321,10791,4108,1233,257,617,5878,3478,928,54,102,21778,1406,250,339,402,274,1329,1182,66,26,325,128,55,110,17,175,73,37,332,236,47,18,3888,38476,5082,40585,8969,79038,23594,0.320014105902778,7067,0.0867222972143821,33.67
LGA11570,Canterbury-Bankstown(A),Canterbury,35,2000,502,380,1437,1.1,1298,3,172327,173977,110.3,346302,275424,34955,22563,24885,21828,20122,17044,11374,6510,2306,161596,32792,21487,25044,22302,21146,17748,11759,7704,3332,163301,1284,505,1009,802,2934,3038,6525,5682,7008,6617,5273,5028,9405,6269,4149,2846,5577,7854,1203,1068,407,1897,2896,4401,1897,1715,1840,1933,1266,967,755,939,260,131,307,114,673,1281,635,5099,31687,39763,20892,5267,1339,3082,19504,2753,20,91,400,79112,6453,1555,528,406,806,2787,3582,39,162,2093,729,191,0,18,149,162,33,820,831,31,25,15540,156780,18621,155359,34169,312141,126100,0.458102344641183,21173,0.0651679444996753,25.31
LGA11600,Carrathool(A),Carrathool,40,867,681,105,1538,0.8,1240,2.4,1421,1303,18932.5,2719,2319,239,131,164,146,194,191,105,71,19,1241,241,117,142,143,170,145,82,50,22,1112,9,3,3,5,19,23,48,39,63,62,53,46,85,42,21,17,35,88,20,9,4,18,29,49,32,20,32,36,18,10,11,15,0,0,3,0,0,21,14,37,121,425,270,61,20,35,0,17,0,0,0,777,80,16,3,6,23,110,0,0,0,0,0,0,0,0,0,0,0,16,0,0,0,142,1272,152,1142,287,2426,747,0.34187643020595,270,0.114649681528662,3.15
LGA11650,CentralCoast(C)(NSW),Central.C.,42,1750,600,350,1560,0.8,1258,2.5,158768,168972,1681.1,327736,292003,29849,18266,16069,17752,19584,18470,15554,8655,3028,147211,28049,17707,17052,19230,21269,20725,17659,10624,4514,156826,603,364,537,586,2310,2454,7412,5768,7263,7215,5624,5678,10536,7043,4289,2861,5082,8341,1419,847,437,1755,3271,7716,3963,2859,3008,2676,1752,1284,971,1211,203,97,509,76,632,2404,384,4180,22845,49271,32459,7148,1534,3227,5346,1437,39,12,95,91077,6388,1506,567,390,650,2326,1278,19,19,2451,426,181,7,0,43,127,11,867,743,30,37,21424,137344,27104,141872,48529,279208,106471,0.398309808572166,31958,0.105110132448371,11.23
LGA11700,CentralDarling(A),Central.D.,39,575,460,100,1075,0.8,901,2.4,973,859,53492.2,1833,1519,147,97,83,93,100,123,101,29,5,784,149,91,99,74,99,99,64,24,12,713,8,6,8,7,24,16,30,38,32,33,11,18,28,13,3,5,10,50,21,6,7,20,15,52,12,16,24,19,8,10,8,13,3,0,3,0,3,26,3,40,125,208,136,42,14,38,0,3,0,0,0,228,34,8,10,3,18,111,0,0,0,0,0,0,0,0,0,0,0,8,0,0,6,90,874,79,775,176,1669,636,0.428282828282828,227,0.151737967914438,2.56
LGA11720,Cessnock(C),Cessnock,38,1517,540,280,1414,0.8,1177,2.6,27633,27928,1965.2,55560,49518,5467,3151,2945,3019,3119,3182,2417,994,251,24539,5244,3150,3335,3126,3252,3289,2469,1155,415,25433,99,61,120,142,492,535,1429,999,1259,1186,947,973,1631,1011,612,348,652,1266,261,130,55,324,566,1225,440,425,485,425,264,164,131,209,24,14,59,11,75,324,32,605,3327,9149,4813,724,172,532,22,84,7,0,21,15434,1089,269,87,30,87,387,14,0,0,36,3,0,0,0,4,11,3,156,13,0,5,2667,24972,3235,24694,5902,49661,18551,0.419810360044355,4824,0.0965359908747073,1.99
LGA11730,ClarenceValley(A),Clarence.V.,49,1300,477,255,1133,0.8,910,2.3,25140,25530,10428.7,50671,45574,4118,2356,1768,2156,2924,3654,3338,1704,465,22482,3703,2200,1922,2462,3207,3843,3286,1805,668,23088,99,95,124,129,626,600,1857,1283,1459,1231,812,786,1136,641,353,193,295,1296,244,133,90,425,669,1669,697,549,529,394,182,167,107,123,9,6,72,3,110,409,139,927,3539,8955,4482,786,202,570,11,69,3,0,19,11708,867,276,89,185,135,781,0,0,0,3,0,0,0,0,0,11,0,110,3,3,5,4155,20992,4695,20833,8847,41815,20059,0.473491643848551,5742,0.126001184964122,1.49
LGA11750,Cobar(A),Cobar,36,1300,706,160,1923,0.7,1495,2.4,2394,2255,45579.3,4647,3911,464,222,292,273,262,282,151,75,25,2036,453,212,316,241,228,218,147,109,38,1951,12,6,7,11,33,33,85,60,54,71,59,54,145,111,75,49,88,112,36,13,0,28,49,73,30,41,37,45,30,23,27,52,0,0,18,0,5,46,8,61,219,722,486,69,10,65,0,9,0,0,3,1230,117,25,19,18,24,128,0,0,0,0,0,0,0,0,0,0,0,8,0,0,3,175,2212,240,2016,429,4215,1233,0.340325696936241,505,0.1267252195734,1.07
LGA11800,CoffsHarbour(C),Coffs.H.,44,1603,566,305,1346,0.8,1107,2.4,35319,37629,1173.7,72944,63436,6411,3751,3355,3548,4088,4638,3717,1913,595,32020,6226,3586,3644,4051,4748,4996,3877,2268,859,34247,139,78,118,138,663,669,1939,1553,1859,1847,1295,1206,2071,1235,680,434,720,1793,298,167,80,497,863,1755,906,761,765,633,388,250,194,196,57,22,99,23,168,468,156,1143,5328,11212,6783,1377,295,752,16,137,7,0,31,20784,1811,359,203,231,182,855,3,0,0,5,3,0,0,0,6,18,4,177,5,3,7,4759,30561,5693,31928,10457,62489,24285,0.40750062924742,7276,0.109803211396837,1.55
LGA12000,Coolamon(A),Coolamon,44,1083,594,150,1418,0.8,1169,2.5,2160,2156,2430.9,4315,3829,443,209,147,186,254,259,225,131,37,1885,373,208,153,203,287,236,229,156,40,1886,3,3,12,11,42,35,117,73,95,108,60,75,123,68,47,31,48,117,23,16,3,24,48,92,33,31,32,24,17,7,3,6,3,0,9,3,0,38,4,49,197,661,425,87,23,42,0,5,0,0,0,1093,81,33,10,0,17,84,0,0,0,0,0,0,0,0,0,0,0,3,0,0,0,332,1812,376,1779,712,3593,1317,0.383853104051297,370,0.098169275669939,0.6
LGA12150,Coonamble(A),Coonamble,43,867,519,150,1218,0.7,976,2.4,1947,1970,9916.1,3918,3287,339,164,181,136,245,238,192,91,21,1613,341,180,188,169,227,226,158,91,29,1607,16,5,6,5,42,49,94,69,90,83,49,58,82,49,27,12,25,107,38,11,4,44,63,94,43,33,36,35,26,17,14,5,0,0,7,0,9,43,3,58,229,570,370,62,23,59,0,10,0,0,0,839,65,12,10,4,24,106,0,0,0,0,0,0,0,0,0,0,0,4,0,0,3,256,1692,258,1705,520,3386,1225,0.392125480153649,433,0.134263565891473,1.3
LGA12160,Cootamundra-GundagaiRegional(A),Cootamundra.R.,49,1091,524,190,1232,0.7,920,2.2,3712,3856,ra(113031263)1656.1,7570,6921,634,321,282,315,399,506,463,287,77,3293,587,293,311,369,425,527,506,328,127,3477,16,7,14,20,71,74,285,172,206,193,135,100,189,101,57,42,62,215,51,31,17,60,102,290,99,99,94,73,22,21,21,8,0,0,15,0,13,52,12,64,542,1428,745,130,23,84,0,16,0,0,3,1890,163,42,21,20,23,143,0,0,0,0,0,0,0,0,0,0,0,6,0,0,0,684,3033,815,3047,1502,6077,2717,0.433333333333333,951,0.140514184397163,0.95
LGA12350,Cowra(A),Cowra,47,1148,509,185,1225,0.7,959,2.3,6157,6308,2808.8,12460,11246,1006,622,487,561,744,816,768,416,117,5526,1007,595,485,598,782,804,748,442,177,5628,20,22,41,38,124,126,386,289,364,317,191,204,334,156,97,55,93,301,71,35,22,114,207,380,155,161,128,93,51,37,32,22,3,0,13,0,9,123,18,152,835,2129,1237,214,64,171,0,3,0,0,4,3133,272,97,30,15,33,236,0,0,0,0,0,0,0,0,0,0,0,19,0,0,0,1005,5152,1126,5196,2134,10329,4518,0.438811188811189,1485,0.133076440541267,0.57
LGA12380,Cumberland(A),Cumberland,32,2000,501,400,1436,1.1,1379,3.2,111080,105000,71.6,216079,156354,21780,15241,21219,15365,11710,9587,6173,3040,908,105023,20679,13057,18676,13505,11715,9834,6295,3625,1511,98904,788,293,564,485,1645,1635,3499,3304,4218,4010,3400,3129,6079,3937,2529,1684,2961,4755,756,665,227,1018,1476,2248,1056,956,1109,1153,821,702,504,735,243,136,236,225,608,697,351,2667,19249,24344,11745,3190,813,2153,14768,1791,9,34,232,46924,4465,892,232,206,481,1754,3023,22,68,1127,482,107,0,0,111,91,18,464,651,14,15,7380,103701,8975,96024,16343,199745,78957,0.459835650264695,11610,0.0569335334098332,29.21
LGA12390,DubboRegional(A),Dubbo.R.,37,1517,673,260,1545,0.8,1336,2.6,5003,5376,ast(105031100)87.7,10378,9192,1046,624,565,495,574,558,340,153,36,4389,1004,640,636,576,680,636,352,184,72,4773,13,7,15,20,71,79,192,162,212,235,155,186,329,241,138,60,112,294,40,25,10,46,63,159,75,87,100,106,60,41,29,42,3,3,9,7,19,66,7,95,526,1276,1253,228,50,88,0,20,0,0,9,3556,307,61,22,20,10,107,0,0,0,0,0,0,0,0,0,0,0,19,0,0,0,432,4569,522,4852,944,9425,2814,0.343003412969283,842,0.0918812745525971,29.21
LGA12700,Dungog(A),Dungog,45,1662,578,245,1474,0.8,1226,2.5,4497,4479,2250,8975,8219,823,434,352,431,586,654,514,254,51,4098,751,427,382,493,617,670,457,233,89,4121,18,11,21,14,81,72,229,143,235,198,167,153,279,169,119,71,124,259,39,13,17,57,74,182,88,93,65,57,49,34,23,26,3,0,9,0,7,31,15,111,472,1467,900,186,42,64,6,8,0,0,7,2597,141,76,13,7,21,141,0,0,0,7,0,0,0,0,0,0,0,24,3,0,0,602,3891,575,3904,1164,7797,2959,0.404511278195489,779,0.094745803940647,1.57
LGA12730,EdwardRiver(A),Edward.R.,45,1083,595,185,1399,0.7,1080,2.3,4353,4492,8883.4,8851,7704,738,448,368,418,451,610,424,257,75,3784,715,411,387,459,515,555,423,303,110,3875,20,20,24,20,85,74,197,146,228,209,150,132,255,137,78,48,90,224,54,34,14,64,127,233,100,109,118,83,52,46,19,40,8,3,17,3,14,90,5,80,610,1533,866,135,37,104,0,3,0,0,0,2580,175,46,10,31,28,210,0,0,0,0,0,0,0,0,0,0,0,17,0,0,3,613,3739,782,3712,1394,7455,2747,0.377542605827378,1086,0.141793967880924,0.64
LGA12750,Eurobodalla(A),Eurobodalla,54,1400,512,255,1184,0.7,939,2.2,18270,18955,3428.2,37232,33188,2564,1427,1180,1442,2015,2867,2935,1408,379,16225,2421,1375,1194,1642,2210,3181,2871,1457,547,16907,72,59,104,85,424,378,1333,949,1191,1103,573,610,868,470,242,126,248,948,215,109,76,293,542,1193,632,450,462,346,187,130,70,94,7,3,54,7,67,299,76,553,2935,6683,3547,665,144,428,4,72,0,3,14,8700,647,217,56,80,90,478,3,0,0,5,0,0,0,0,0,10,3,59,0,0,0,3632,14645,3988,14951,7635,29598,13876,0.434793507551545,4655,0.140502852313543,1.52
LGA12850,Fairfield(C),Fairfield,36,1800,439,350,1263,1.1,1222,3.3,97959,100855,101.5,198817,161209,18839,14666,12660,11185,12728,11515,7123,3559,1091,93363,17750,13835,13238,12564,13232,12344,7359,4208,1555,96091,836,321,710,544,1905,1845,4241,3417,4103,3790,3044,2846,4779,3277,2106,1325,2428,4537,816,551,189,888,1394,2095,722,741,812,740,413,325,222,248,66,19,80,25,254,533,199,2243,9526,24016,14696,3719,1047,1740,5521,1180,8,17,78,45943,4928,1168,157,143,347,1203,1441,0,18,1265,446,43,7,0,94,83,15,514,485,7,5,8389,89564,9967,90892,18361,180454,84019,0.522246394828444,9004,0.0475260485394872,17.11
LGA12870,Federation(A),Federation,49,1300,559,200,1299,0.7,1017,2.3,6102,6174,5685,12277,10967,967,552,450,532,691,830,818,440,140,5421,974,509,472,557,716,841,775,484,156,5476,26,21,22,27,145,104,385,263,314,320,197,205,337,196,109,42,74,337,106,38,13,94,134,357,172,126,163,117,90,50,29,34,8,0,16,3,16,141,16,101,899,2316,1138,190,37,146,3,7,0,0,4,3311,220,57,14,26,40,213,0,0,0,0,0,0,0,0,0,0,0,29,0,0,0,1126,4971,1187,4996,2311,9946,4073,0.39982330421125,1497,0.137415090875711,0.99
LGA12900,Forbes(A),Forbes,42,1148,571,180,1326,0.8,1069,2.4,4806,4784,4710.1,9587,8618,882,496,417,454,545,565,507,288,68,4224,857,396,481,445,560,519,479,317,111,4169,19,10,25,19,86,82,244,195,267,222,130,157,261,136,100,47,79,225,74,15,19,70,123,228,111,99,99,76,65,33,18,40,6,3,12,0,11,84,15,97,581,1568,948,154,26,105,0,22,0,0,9,2602,198,64,17,14,36,178,0,0,0,0,0,0,0,0,3,0,0,21,0,0,4,687,4112,780,4009,1467,8129,3016,0.394971189104243,1034,0.123212583412774,1.45
LGA12930,GeorgesRiver(A),Georges.River,37,2167,640,450,1817,1,1654,2.9,71755,75086,38.3,146841,111183,12256,10043,11509,8791,8803,7464,5198,2951,1048,68070,11565,9287,11722,9615,9591,8384,5657,3554,1653,71017,540,196,294,239,833,859,2048,1808,2615,2537,2249,2287,4715,3449,2390,1782,4376,3500,429,614,175,607,861,1568,843,773,929,1061,783,646,483,772,137,86,292,83,349,468,150,2176,14728,17035,9340,3326,817,1096,16047,918,13,22,82,33303,2506,429,234,147,288,2199,2374,23,114,1097,445,100,0,0,56,47,7,243,478,10,8,6940,64826,8994,66079,15939,130894,49158,0.402222294953198,9327,0.0670573010281113,35.94
LGA12950,Gilgandra(A),Gilgandra,45,1083,537,160,1199,0.8,998,2.4,2089,2142,4831.5,4236,3850,381,203,172,179,244,265,224,136,51,1849,380,195,203,199,251,275,230,153,40,1916,17,7,3,5,52,33,137,84,130,84,68,55,103,59,38,24,33,120,38,12,5,38,62,111,53,40,45,36,23,14,14,11,0,0,8,0,3,31,9,61,254,664,447,93,18,41,0,3,0,0,0,1030,73,28,13,4,21,129,0,0,0,0,0,0,0,0,0,0,0,17,0,0,5,339,1756,384,1768,719,3509,1423,0.413662790697674,466,0.123705866737457,1.51
LGA13010,GlenInnesSevern(A),Glen.I.S.,47,1083,478,200,1111,0.7,838,2.2,4380,4453,5480,8836,7637,678,375,320,367,429,618,544,293,65,3695,681,381,348,409,506,599,557,313,127,3922,26,25,37,24,122,88,299,201,250,221,128,123,152,108,46,20,47,207,59,31,13,82,150,343,127,99,96,61,40,32,17,26,0,0,12,0,20,94,27,163,574,1637,747,129,35,115,4,10,3,0,8,1914,173,75,19,14,22,217,0,0,0,0,0,0,0,0,0,0,0,24,0,0,0,734,3652,850,3592,1588,7248,3338,0.455886369844305,1145,0.150242750295237,1.65
LGA13310,GoulburnMulwaree(A),Goulburn.M.,42,1517,625,260,1505,0.8,1196,2.4,14982,14631,3220.1,29609,25967,2682,1605,1445,1491,1772,1744,1427,714,191,13066,2426,1441,1612,1585,1851,1842,1446,788,330,13314,48,45,54,68,234,226,631,546,651,659,470,487,929,598,381,203,358,711,146,61,68,196,364,749,339,265,292,268,162,150,116,126,25,4,44,4,37,194,54,398,1761,4711,3044,534,157,290,23,59,4,0,35,8892,790,190,59,32,66,402,3,0,0,12,0,0,0,0,9,3,0,68,3,4,4,1775,13201,2161,12467,3927,25676,8893,0.366903209835795,3210,0.121683093252464,1.76
LGA13340,GreaterHumeShire(A),Greater.H.S.,44,1213,600,180,1439,0.8,1168,2.5,5187,5170,5749.5,10351,9463,1072,515,378,477,629,703,597,254,88,4722,1037,434,436,531,687,712,520,242,81,4671,18,27,18,13,86,87,242,206,259,247,195,170,300,192,90,69,118,281,63,23,13,67,95,245,103,82,94,77,51,28,28,20,7,0,12,0,4,65,11,88,455,1651,1116,222,57,99,4,18,0,0,0,2888,146,87,21,13,57,220,0,0,0,3,0,0,0,0,0,0,0,26,0,0,0,682,4505,671,4486,1343,9004,3123,0.384795465746673,946,0.100670426731936,1.46
LGA13450,Griffith(C),Griffith,37,1495,674,220,1555,0.8,1331,2.7,12795,12847,1639.2,25641,20839,2488,1462,1544,1400,1486,1364,829,561,180,11308,2433,1312,1583,1388,1520,1307,927,649,265,11388,52,34,41,41,190,187,445,395,509,577,487,408,778,486,291,169,308,617,158,59,32,118,220,393,164,196,239,190,143,85,62,98,22,14,39,18,35,165,32,279,1196,3703,2603,331,49,294,5,15,0,0,20,8574,927,103,49,48,64,334,0,0,0,3,0,0,0,0,7,0,0,72,0,0,0,1306,11481,1645,11200,2959,22684,6778,0.334319818486732,2031,0.0895068529372879,1
LGA13550,Gunnedah(A),Gunnedah,40,1473,618,240,1586,0.8,1253,2.5,6105,6107,4987,12215,10973,1223,624,697,630,685,755,526,310,82,5530,1139,603,723,634,711,690,540,365,135,5541,29,14,21,28,93,104,276,186,260,258,185,219,367,248,145,116,193,308,86,24,17,86,154,290,123,92,115,97,62,53,44,71,3,0,40,6,16,98,20,134,662,1960,1328,236,58,135,4,79,0,0,16,3508,348,100,15,16,33,208,0,0,0,0,0,0,0,0,25,3,3,35,0,0,0,747,5366,920,5184,1671,10569,3698,0.381788147842247,1279,0.115464475941139,3.39
LGA13660,Gwydir(A),Gwydir,48,981,489,120,1178,0.8,910,2.3,2657,2592,9259.7,5258,4661,463,203,184,224,320,339,349,186,34,2307,411,197,195,239,326,294,341,171,61,2249,27,20,16,14,74,50,171,107,141,144,84,63,139,50,30,17,36,136,40,20,10,55,80,153,46,56,55,48,11,10,10,3,0,0,6,3,15,52,17,91,350,833,496,113,22,69,0,9,0,0,0,1131,59,62,16,7,41,163,0,0,0,0,0,0,0,0,0,0,0,7,0,0,3,461,2210,488,2114,946,4302,1894,0.442523364485981,589,0.129308452250274,1.07
LGA13800,Hawkesbury(C),Hawkesbury,38,2080,728,360,1916,0.8,1668,2.8,31952,32635,2775.1,64592,57950,6307,4223,3659,3683,4290,3580,2449,1061,280,29539,5960,4019,3792,3933,4587,3680,2600,1268,428,30269,111,69,75,91,328,321,811,778,1125,1189,1134,1140,2246,1728,1120,788,1512,1605,236,119,66,266,393,764,448,411,442,516,322,266,175,241,41,20,95,12,64,236,72,621,2309,8934,6514,1812,588,463,826,116,0,0,24,22422,1273,893,153,110,145,617,109,0,0,449,76,18,0,0,24,8,3,217,97,0,7,2730,29231,3293,29359,6013,58561,17459,0.337580726246181,4388,0.0733668845825879,7.04
LGA13850,Hay(A),Hay,46,982,587,150,1344,0.7,1075,2.3,1480,1461,11325.9,2946,2508,230,145,113,112,193,185,136,95,18,1237,235,133,117,127,200,177,143,100,20,1251,6,5,14,12,25,24,70,52,65,73,48,48,85,37,20,13,26,96,22,6,10,21,30,79,27,22,33,29,18,5,11,13,0,0,6,0,0,42,8,27,189,470,272,53,19,53,0,0,4,0,0,766,73,28,9,8,25,104,0,0,0,0,0,0,0,0,0,0,0,6,0,0,0,221,1270,222,1231,443,2494,914,0.375976964212258,346,0.139235412474849,0.98
LGA13910,Hilltops(A),Hilltops,44,1200,538,200,1261,0.7,976,2.4,9088,9402,7140.9,18498,16815,1739,914,732,927,1056,1161,1070,511,127,8241,1641,920,822,944,1168,1131,1050,602,219,8497,43,31,46,54,214,195,560,382,482,453,326,335,430,242,138,82,151,501,96,44,51,134,224,560,229,209,228,149,73,61,51,58,11,4,21,0,23,179,41,192,1152,3033,1906,417,106,220,7,17,0,0,18,4798,375,186,33,13,71,419,0,0,0,0,0,0,0,0,3,0,0,43,0,0,3,1272,7814,1511,7901,2783,15711,6328,0.425183094806155,2136,0.127644316959484,1.17
LGA14000,Hornsby(A),Hornsby,40,2400,793,500,2372,0.9,2121,2.9,69634,73027,455,142667,119713,14004,8950,6827,9378,9627,7871,5416,2828,1007,65914,13078,8375,7162,10385,10540,8475,5947,3371,1510,68844,286,147,210,117,533,495,1368,1347,2026,2124,1846,2048,4473,3706,2882,2671,7525,3809,319,254,148,377,615,1286,914,690,784,805,615,490,405,694,94,56,272,61,153,373,212,2140,7906,14315,16103,4573,996,762,11689,2456,7,11,63,35112,2199,403,347,215,312,1911,1710,14,19,1848,511,162,0,0,175,78,12,329,541,11,17,7122,62509,9062,63982,16173,126485,39808,0.346771664517928,8169,0.0606224768463548,32.54
LGA14100,HuntersHill(A),Hunters.H.,43,3033,977,490,3301,0.9,2467,2.7,6987,7016,5.7,13999,12320,1268,739,495,734,888,694,612,290,117,5847,1166,631,543,853,991,798,656,374,180,6190,42,15,19,13,39,26,102,79,105,119,94,123,268,234,208,247,1198,405,37,60,15,62,99,145,82,75,86,104,70,65,53,107,10,3,101,14,26,43,25,359,935,1447,1172,447,113,74,21,700,211,0,30,3449,200,23,50,41,32,146,83,11,0,14,6,0,20,0,36,15,3,72,15,3,10,920,6054,1283,5711,2213,11790,3469,0.305638766519824,1108,0.0920265780730897,23.31
LGA14170,InnerWest(A),Inner.W.,36,2600,957,480,2498,1,2048,2.4,88736,93302,35.4,182043,142764,13407,8668,16087,13961,11054,7757,5001,2543,829,79301,12780,9035,17165,14830,11760,8753,5757,3159,1235,84471,350,181,235,181,656,614,1577,1371,2067,2167,1962,2034,4918,4095,3421,3310,10060,3913,345,689,281,908,1372,2155,1335,1346,1701,2123,1847,1806,1565,2868,648,407,1569,707,1333,678,1101,9149,26999,20521,7362,1414,458,1791,19012,9986,731,1431,379,35225,2636,343,1200,2634,573,5181,3591,124,286,583,247,314,140,151,192,146,152,582,628,89,44,6649,82074,8451,84854,15101,166931,43089,0.279566334475241,18949,0.115701419630591,44.32
LGA14200,Inverell(A),Inverell,42,1200,509,210,1181,0.8,950,2.4,8061,8423,8597.2,16483,14697,1544,904,761,751,904,943,840,476,115,7227,1530,849,788,848,969,993,863,537,182,7563,49,34,50,56,216,188,513,379,430,413,273,250,379,214,98,72,116,399,87,38,16,132,203,447,173,176,181,113,77,39,37,38,9,4,21,0,22,161,27,273,989,2748,1529,291,61,204,0,19,0,0,12,4169,400,97,39,18,46,247,0,0,0,3,0,0,0,0,0,4,0,34,0,0,3,1123,6937,1334,7079,2463,14029,5759,0.437680498556011,1727,0.116783878820665,1.18
LGA14300,Junee(A),Junee,40,1200,600,200,1410,0.8,1139,2.5,3574,2720,2030,6295,4739,523,287,264,260,316,351,251,118,34,2405,499,267,276,264,332,350,266,115,42,2423,10,3,14,13,45,42,142,89,132,133,71,95,156,95,56,33,56,133,25,22,11,38,66,130,53,47,54,35,20,19,16,23,0,0,13,3,3,35,3,56,262,875,548,85,16,79,3,6,0,0,0,1459,169,35,11,5,26,97,0,0,0,0,0,0,0,0,0,0,0,3,0,0,5,323,3228,345,2385,660,5631,1651,0.319157162188285,532,0.11028192371476,0.66
LGA14350,Kempsey(A),Kempsey,47,1300,474,240,1107,0.8,894,2.4,14447,14439,3375.7,28885,25227,2351,1355,1050,1196,1590,2065,1838,852,224,12522,2260,1293,1162,1340,1711,2155,1725,839,333,12816,51,48,77,80,301,388,1014,695,785,665,488,418,619,314,171,78,137,685,190,63,49,227,397,892,361,304,300,219,106,57,42,59,3,3,31,5,52,260,89,445,2051,5081,2201,354,100,329,6,37,3,0,4,6315,507,159,43,40,59,375,0,0,0,0,0,0,0,0,3,4,0,47,0,0,3,2176,12264,2370,12057,4541,24336,10985,0.459335145306293,3115,0.122937879864236,1.31
LGA14400,Kiama(A),Kiama,47,2000,683,395,1820,0.8,1509,2.5,10528,10936,257.7,21464,19183,1783,1156,825,1042,1231,1501,1213,613,193,9556,1649,992,868,1132,1370,1629,1279,702,310,9929,29,30,27,19,140,151,378,352,494,432,342,407,668,514,374,268,565,618,67,42,14,73,154,348,202,146,191,132,97,84,66,108,16,10,36,9,49,81,23,206,1075,3207,2400,555,128,124,119,30,0,0,0,6458,353,79,29,25,47,277,21,0,3,42,15,7,0,0,0,0,0,42,14,0,0,1580,8948,1911,9024,3510,17961,6297,0.352733587273135,1666,0.0854928926976959,3.88
LGA14500,Ku-ring-gai(A),Kuringgai,41,3000,942,650,3046,0.9,2640,2.9,56657,61394,85.4,118053,98407,11922,7594,4319,6574,8236,6151,4570,2832,1147,53337,11190,7350,4822,7852,9411,6675,5159,3364,1633,57452,414,149,158,78,308,362,698,825,1291,1340,1130,1252,2769,2307,1954,2542,10242,3604,300,262,106,221,306,652,573,477,565,582,438,471,372,631,53,37,571,66,106,256,64,1278,5575,10680,13084,6020,1266,510,9925,1139,8,17,98,25815,1620,136,270,325,283,1245,1351,3,8,1855,505,105,0,0,86,29,9,221,360,8,24,6866,49788,8911,52479,15766,102281,30610,0.324984870844791,6153,0.0555365008303849,34.39
LGA14550,Kyogle(A),Kyogle,50,1100,460,200,1076,0.8,832,2.2,4529,4411,3584.2,8940,7853,681,397,270,381,578,830,568,252,68,4027,670,357,317,386,622,747,506,273,95,3978,22,19,32,26,138,111,319,219,271,219,126,119,174,96,47,26,60,208,42,31,19,125,189,306,112,95,108,83,49,17,18,9,0,0,9,0,13,56,43,200,734,1590,700,123,23,108,5,17,0,0,0,1926,127,56,18,7,39,184,0,0,0,0,0,0,0,0,3,3,0,20,0,0,4,634,3889,686,3721,1321,7617,3698,0.494848119898301,1140,0.142482189726284,1.99
LGA14600,Lachlan(A),Lachlan,40,900,556,150,1279,0.8,1034,2.4,3100,3099,14964.3,6194,5368,613,270,311,288,288,382,276,189,46,2668,587,284,350,285,319,337,258,189,70,2694,23,9,16,18,51,62,158,98,172,123,103,92,169,81,38,22,56,178,48,17,9,54,93,134,75,45,61,45,27,17,9,16,0,0,10,0,7,61,9,61,338,974,562,124,49,83,0,23,0,0,0,1484,132,51,13,6,40,207,0,0,0,0,0,0,0,0,3,0,0,21,0,0,4,428,2658,462,2626,901,5289,1884,0.388774246801486,647,0.120754012691303,2.37
LGA14650,LakeMacquarie(C),Lake.M.,42,1733,609,320,1610,0.8,1313,2.5,96294,101077,648.6,197371,182021,17997,11408,9988,10674,11851,11661,9571,5127,1679,89963,16950,10687,10590,11734,12734,12600,10681,6244,2490,94715,289,222,326,351,1455,1430,4787,3534,4655,4405,3414,3432,6660,4779,2977,1834,3487,4928,752,439,213,1017,1923,4533,1931,1514,1583,1494,933,769,519,711,96,38,271,43,300,1039,152,2563,12163,32148,20067,3805,686,1483,450,801,4,7,62,62129,3758,898,519,335,321,1219,119,0,0,207,45,22,3,0,65,76,12,480,115,15,11,12558,83732,15721,85366,28284,169089,64853,0.402159219158884,17609,0.0953523254617621,3.38
LGA14700,LaneCove(A),Lane.C.,36,2600,1149,520,2971,1,2376,2.5,17733,18313,10.5,36051,28909,3231,1828,2849,2663,2098,1605,1194,556,198,16223,3124,1683,2943,2852,2317,1811,1298,722,332,17077,79,30,28,16,72,102,189,231,356,401,346,424,1031,853,684,789,2899,909,81,106,46,108,183,304,210,223,276,318,274,302,265,629,59,30,357,61,133,130,144,1537,4825,3364,2315,964,178,206,1215,3573,160,3,51,8368,634,46,210,225,93,856,575,18,0,156,46,29,11,0,66,57,33,110,99,13,0,1467,16270,1951,16365,3421,32620,7500,0.25531045751634,3407,0.102296952409548,37.03
LGA14750,Leeton(A),Leeton,40,1300,607,195,1456,0.8,1190,2.5,5530,5633,1167.2,11168,9688,1008,595,541,551,677,633,449,285,59,4789,986,568,557,562,653,616,474,315,95,4826,25,16,21,33,95,76,242,194,260,243,175,202,368,200,101,59,89,246,51,23,15,74,113,216,108,102,116,103,73,43,32,44,3,8,13,8,4,93,13,105,541,1689,1138,203,48,126,4,7,0,0,4,3405,272,34,14,34,24,207,0,0,0,0,0,0,0,0,0,0,0,10,0,0,3,667,4873,792,4847,1452,9715,3390,0.382273342354533,1094,0.113804223447415,0.52
LGA14850,Lismore(C),Lismore,43,1430,550,260,1351,0.8,1067,2.4,20975,22160,1287.7,43135,38335,3750,2321,1879,2155,2676,2945,1937,873,287,18828,3528,2304,2071,2534,2899,3050,1986,1078,489,19951,67,48,91,85,362,453,1006,854,1149,1061,811,751,1200,664,354,225,363,988,142,104,72,380,568,1221,588,515,514,453,242,154,133,132,24,14,50,5,124,246,174,782,2927,7142,3775,792,160,453,6,101,3,3,25,12636,981,223,117,104,105,628,0,0,0,3,3,0,0,0,0,13,8,105,5,0,4,2287,18689,2930,19234,5213,37921,14781,0.417188823031329,4755,0.122633723629236,1.66
LGA14870,Lithgow(C),Lithgow,45,1387,510,230,1328,0.8,984,2.3,10689,10401,4512.3,21090,18018,1679,1065,905,939,1224,1333,1206,549,151,9047,1582,935,936,1061,1272,1370,1154,643,236,9187,37,40,61,59,200,216,581,400,455,381,291,291,531,328,212,135,278,497,114,74,39,214,345,690,223,221,168,199,114,66,70,90,6,3,31,9,14,180,45,262,1625,3573,1756,283,76,238,53,24,0,0,21,5371,333,108,18,23,36,366,4,0,0,10,3,0,0,0,3,0,0,41,9,0,0,1497,9195,1648,8759,3132,17941,7385,0.422096479195245,2555,0.140122847427882,2.29
LGA14900,Liverpool(C),Liverpool,33,2123,584,370,1663,1,1550,3.2,101351,102975,305.7,204326,168369,22481,13973,13063,13406,12645,9491,5684,2580,652,93964,21330,13542,14314,14260,12766,9761,5905,3085,1013,95987,528,289,431,425,1364,1400,3025,2804,3612,3683,3204,3160,6234,4487,2960,1973,3593,4640,746,382,148,774,1186,1728,685,707,859,938,585,449,335,375,62,33,126,32,165,664,304,1607,8078,20442,21645,4186,858,1675,5641,1314,6,4,111,54561,4157,1236,274,166,372,1661,1341,4,22,1968,482,52,4,0,110,122,18,488,558,13,10,6286,95067,7671,95299,13967,190368,65787,0.416291740228183,9206,0.0484658959294123,16.26
LGA14920,LiverpoolPlains(A),Liverpool.P.,45,1153,533,180,1287,0.7,1032,2.3,3870,3815,5082.2,7687,6853,705,351,332,374,441,539,420,229,59,3445,607,312,359,382,453,513,418,237,84,3367,19,8,20,24,73,75,216,150,207,191,128,121,190,111,65,24,74,206,55,18,21,56,124,193,95,84,73,77,31,32,26,38,4,0,13,0,13,64,12,79,464,1407,735,106,37,74,0,8,0,0,4,1833,110,80,9,0,22,200,0,0,0,0,0,0,0,0,0,0,0,15,0,0,0,565,3296,626,3191,1191,6512,2599,0.416306263014576,877,0.128800117491555,1.01
LGA14950,Lockhart(A),Lockhart,46,1000,585,150,1408,0.7,1114,2.5,1537,1579,2895.8,3119,2805,269,141,101,137,193,225,169,92,32,1365,307,117,131,146,191,193,152,93,30,1360,3,6,8,5,34,27,65,63,70,87,47,64,77,48,25,18,39,97,12,12,5,27,38,82,25,22,38,24,16,14,3,10,0,0,3,0,5,23,3,30,126,525,331,79,14,30,0,3,0,0,0,745,39,25,3,3,16,104,0,0,0,0,0,0,0,0,0,0,0,6,0,0,0,240,1301,262,1332,491,2616,951,0.383932176019378,315,0.115553925165077,0.95
LGA15050,Maitland(C),Maitland,36,1733,644,320,1664,0.8,1415,2.7,37736,39571,391.5,77305,70813,8371,4621,4711,4669,4389,3946,2879,1285,350,35218,7845,4618,5187,4898,4968,4247,3149,1612,612,37141,122,83,117,162,534,604,1665,1278,1662,1700,1467,1381,2734,1901,1137,680,1342,1904,291,134,75,350,605,1328,580,503,631,554,356,284,245,303,38,14,89,17,117,396,46,770,3042,10905,10283,1451,248,621,202,172,3,0,30,25533,1652,304,149,100,133,512,89,0,0,49,10,13,0,0,15,17,3,248,76,3,8,3197,34550,4107,35470,7296,70012,23375,0.386977683597113,5949,0.082211658052569,3.07
LGA15240,Mid-Coast(A),MidCoast,52,1324,476,250,1108,0.7,887,2.2,44091,46215,10053.2,90303,81561,6817,3855,2942,3597,4970,6337,6821,3600,1030,39971,6413,3739,3276,4060,5441,6875,6901,3826,1390,41911,228,180,239,240,1215,1031,3674,2344,2802,2344,1451,1367,1913,1119,516,336,562,2290,578,246,193,754,1290,3104,1341,1023,998,741,374,251,180,211,26,8,125,13,147,779,186,1388,6916,16572,8379,1411,292,1089,27,144,3,3,33,19933,1514,471,166,148,188,1145,6,0,3,6,0,0,0,0,8,10,3,176,5,3,10,8970,35115,9816,36400,18784,71520,36563,0.478761293701715,10803,0.131922480430827,1.65
LGA15270,Mid-WesternRegional(A),MidWestern.R.,42,1690,547,270,1433,0.8,1131,2.4,12099,11975,8752.3,24076,21016,2331,1120,1197,1166,1522,1380,1218,569,130,10638,2128,999,1194,1304,1519,1356,1191,632,189,10513,48,36,51,63,263,183,608,411,519,469,332,354,633,447,256,180,371,625,130,76,53,160,264,625,261,203,210,188,113,73,93,143,12,5,49,13,45,192,37,318,1398,3719,2462,459,108,268,7,13,0,0,9,6368,567,156,46,28,39,425,4,0,0,0,0,0,0,0,0,4,0,80,4,0,12,1499,10598,1694,10271,3203,20868,7870,0.410430247718383,2529,0.119614056661779,1.44
LGA15300,MoreePlains(A),Moree.P.,38,1300,669,170,1480,0.8,1240,2.5,6636,6520,17906.5,13159,11234,1281,660,681,675,817,713,546,253,47,5663,1263,602,750,747,759,658,497,247,76,5595,34,19,41,40,103,97,224,175,248,261,200,214,373,208,137,67,156,364,115,32,22,97,115,219,103,125,132,133,113,56,47,66,6,0,44,0,24,127,35,182,774,1807,1231,230,68,217,4,7,0,0,10,3704,276,111,23,20,52,333,0,0,0,0,0,0,0,0,0,0,0,14,0,0,0,648,5993,680,5831,1337,11818,3428,0.333787731256086,1338,0.118901626233005,0.55
LGA15350,Mosman(A),Mosman,42,3000,1295,560,3671,0.9,2522,2.4,13189,15290,8.7,28475,22660,2394,1242,1359,1694,1739,1424,1131,583,252,11813,2284,1313,1706,2023,2188,1623,1537,754,401,13825,63,21,26,22,41,60,103,162,227,268,207,240,619,486,384,711,2825,920,66,90,38,92,149,259,192,184,267,295,264,291,251,451,30,33,440,33,87,111,62,1639,3420,2674,1957,898,168,207,74,2943,448,5,65,5650,409,20,133,124,92,632,287,92,0,12,21,3,198,0,53,24,29,129,127,39,13,1613,11585,2229,13064,3835,24635,5556,0.236778180268485,3246,0.126579316799251,38.58
LGA15520,MurrayRiver(A),Murray.R.,49,1300,558,200,1333,0.7,1061,2.3,5795,5881,11863.5,11680,10469,931,461,455,517,650,806,785,402,110,5121,931,456,540,519,720,772,721,425,138,5219,42,22,18,22,129,103,335,226,323,275,192,203,336,211,104,49,105,301,86,31,11,99,134,305,151,105,121,108,56,35,28,37,11,0,11,0,18,117,14,110,843,1977,1183,172,46,139,4,25,0,0,0,3231,188,57,19,29,48,255,0,0,0,0,0,0,0,0,0,0,0,27,0,0,0,1066,4733,1116,4762,2187,9499,3925,0.405349581741196,1295,0.125266008899207,1.44
LGA15560,Murrumbidgee(A),Murrumbidgee,41,900,659,150,1461,0.8,1197,2.5,2026,1812,6882.8,3836,3284,380,196,204,188,234,250,165,95,17,1726,296,146,184,199,234,220,151,99,36,1562,4,3,11,7,31,33,73,58,91,91,74,70,107,65,33,12,29,126,22,9,9,15,34,66,40,33,51,41,22,17,11,8,4,0,6,0,3,43,3,39,157,665,380,59,20,35,0,3,0,0,0,1051,66,30,3,6,14,140,0,0,0,0,0,0,0,0,0,0,0,16,0,0,0,218,1807,226,1582,444,3391,1032,0.338249754178958,382,0.116427918317586,1.43
LGA15650,Muswellbrook(A),Muswellbrook,35,1733,640,250,1665,0.8,1346,2.5,8243,7837,3404.9,16086,14063,1779,902,995,910,1031,833,569,247,55,7327,1633,890,989,937,1006,783,552,288,95,7168,46,25,41,46,129,151,307,252,294,277,237,242,509,355,227,150,267,399,90,32,32,110,151,278,123,124,147,144,103,90,66,139,14,8,38,9,25,101,19,164,653,2402,1998,315,55,161,9,12,4,0,4,4854,321,59,58,16,36,199,0,0,0,3,0,0,0,0,0,3,0,34,0,0,0,633,7603,731,7093,1361,14720,4584,0.36795633327982,1543,0.106428472892813,1.16
LGA15700,Nambucca(A),Nambucca,51,1300,467,250,1080,0.8,835,2.3,9421,9794,1491.3,19212,17242,1524,842,621,776,1054,1472,1353,677,218,8546,1471,784,708,860,1141,1554,1349,711,294,8884,53,47,37,61,236,227,771,485,542,490,281,276,404,213,100,67,108,474,112,47,38,227,347,727,279,224,214,157,76,42,35,35,6,5,18,3,36,175,72,445,1721,3353,1555,249,57,229,9,32,0,3,13,4155,266,126,42,13,38,215,0,0,0,3,0,0,0,0,0,0,0,22,0,0,0,1732,7681,1880,7902,3624,15579,7872,0.490773067331671,2454,0.140824056008264,1.4
LGA15750,Narrabri(A),Narrabri,40,1395,632,200,1531,0.8,1242,2.5,6528,6559,13015,13084,11406,1227,655,622,685,789,816,596,288,59,5734,1280,575,709,680,764,750,560,330,106,5751,31,17,34,39,121,93,240,203,267,265,219,222,384,245,165,88,149,354,87,36,15,92,134,261,115,100,118,124,69,58,57,65,4,4,27,4,13,105,27,199,730,1971,1261,225,61,156,3,60,0,0,3,3687,287,118,9,13,49,292,0,0,0,0,0,0,0,0,12,0,0,19,0,0,0,720,5801,840,5704,1565,11510,3665,0.355963480963481,1280,0.111469128276583,2.07
LGA15800,Narrandera(A),Narrandera,44,1007,575,170,1349,0.7,1030,2.3,2901,2953,4116.3,5853,5108,528,282,233,275,312,379,299,153,45,2508,512,259,247,291,331,360,300,174,88,2559,13,6,6,12,62,59,129,103,138,156,79,88,163,85,41,27,43,157,36,12,7,44,95,170,72,70,51,55,32,22,10,17,0,0,11,0,10,54,6,47,367,977,549,108,32,67,0,7,0,0,0,1506,104,32,7,5,27,162,0,0,0,0,0,0,0,0,0,0,0,17,0,0,0,403,2518,498,2449,907,4958,1765,0.375771769214392,684,0.13501776549546,1.29
LGA15850,Narromine(A),Narromine,42,1100,586,185,1358,0.8,1078,2.5,3214,3226,5261.5,6444,5720,648,320,277,281,336,387,349,177,48,2814,620,289,320,308,358,380,317,186,65,2838,19,9,20,19,48,82,162,108,142,130,102,100,181,106,67,33,56,195,45,15,21,43,72,154,63,60,65,47,34,21,13,13,6,0,8,3,9,64,7,71,324,1000,670,139,24,81,0,9,0,0,3,1645,106,52,11,13,36,161,0,0,0,0,0,0,0,0,0,0,0,17,0,0,0,446,2770,506,2714,949,5497,1928,0.380351154073782,657,0.11624203821656,1.27
LGA15900,Newcastle(C),Newcastle,37,1768,660,340,1778,0.8,1368,2.4,76642,78766,186.8,155411,138043,13164,10262,11172,9136,8874,8127,5648,2941,1059,70379,12215,9951,11049,9684,9410,8599,6174,3811,1805,72687,260,118,276,259,933,1042,2750,2261,2902,2960,2410,2483,4850,3640,2438,1514,3254,3572,456,486,243,1158,1930,3591,1754,1575,1723,1813,1396,1096,835,1290,286,151,455,142,767,919,275,3821,15271,26213,10356,2062,581,1401,428,1663,67,6,113,49343,3438,389,608,1350,310,2858,87,0,4,106,24,43,24,0,102,100,36,563,64,40,31,7391,69255,10085,68672,17482,137931,48765,0.377403027582577,17489,0.122243424409542,5.43
LGA15950,NorthSydney(A),North.S.,37,2600,1386,575,3210,1,2360,2,31910,35744,10.5,67658,50262,4003,2141,6813,5372,3469,2852,2381,1022,306,28360,3915,2493,7858,5776,3922,3507,2849,1312,558,32197,137,51,56,43,128,143,299,315,545,604,590,653,1916,1562,1405,1725,5510,1606,126,305,129,259,416,673,541,572,742,922,980,991,901,1971,242,192,1723,345,452,292,648,6602,12584,7433,1740,433,98,529,6730,6337,612,4,217,12194,982,35,382,438,264,4426,1301,212,17,90,77,88,113,0,66,42,81,173,291,30,16,2704,29199,3630,32114,6345,61297,10908,0.184521695001269,10632,0.175564325698905,46.18
LGA15990,NorthernBeaches(A),Northern.B.,40,2800,916,565,2528,0.9,2178,2.7,123507,129370,254.2,252878,211526,24593,13164,13121,17227,16949,12659,9592,5206,1902,114420,23155,12241,14292,18508,18080,13514,10634,6235,3035,119690,427,207,243,166,797,746,1885,2057,3269,3346,2937,3284,7412,6194,4748,4829,15354,7124,730,527,255,784,1302,2621,1841,1587,1755,1993,1459,1382,1069,1830,310,212,1304,320,697,926,552,7504,22541,25399,21011,7411,1659,1871,298,14540,2719,20,248,70703,4463,966,1610,1311,700,4378,1394,675,0,340,76,12,614,0,764,399,145,1272,764,184,51,13274,110236,17016,112372,30279,222578,57888,0.285130256177872,19130,0.0817147714506614,22.29
LGA16100,Oberon(A),Oberon,45,1452,611,210,1509,0.7,1239,2.4,2751,2543,3625,5301,4430,428,273,204,247,339,310,320,119,32,2283,394,248,202,240,324,337,321,116,34,2218,9,5,12,9,42,25,119,65,124,122,100,98,155,82,49,30,67,155,29,15,14,34,44,119,45,45,49,47,36,28,11,20,0,3,5,0,8,35,7,50,246,847,547,99,24,60,0,8,0,0,0,1493,89,54,8,4,18,95,0,0,0,0,0,0,0,0,0,0,0,5,0,0,0,362,2404,374,2172,737,4565,1601,0.365942857142857,514,0.114298421169669,0.73
LGA16150,Orange(C),Orange,37,1629,667,270,1655,0.8,1295,2.5,19615,20728,284.2,40344,36058,4218,2121,2283,2252,2139,2029,1476,838,230,17590,3868,2222,2601,2371,2411,2185,1700,1067,392,18830,67,61,64,60,295,340,770,593,854,831,631,692,1283,865,543,326,685,932,163,103,70,280,479,844,383,368,395,426,258,213,168,201,27,24,84,22,77,248,36,492,2136,6226,4567,735,124,420,18,70,9,3,54,12842,1107,154,72,95,68,572,0,0,0,3,0,0,0,0,4,0,0,93,3,3,10,2057,17573,2650,18083,4693,35645,11618,0.365334423445804,4216,0.115766928441979,1.36
LGA16200,Parkes(A),Parkes,41,1300,554,200,1412,0.8,1088,2.4,7190,7416,5957.6,14608,12966,1416,792,692,664,868,854,635,355,109,6379,1334,810,712,738,836,878,625,419,178,6537,35,29,26,47,146,135,327,258,303,294,234,246,411,257,148,78,139,416,81,45,25,114,201,388,147,125,139,108,77,45,43,61,3,4,23,3,12,121,27,164,817,2297,1481,265,70,163,0,18,0,0,24,3771,354,83,29,21,47,329,0,0,0,0,0,0,0,0,5,0,0,34,0,0,0,900,6286,1169,6244,2069,12539,4747,0.407048533699194,1574,0.121911548292154,1.21
LGA16260,Parramatta(C),Parramatta,34,2167,722,440,1933,1,1759,2.8,113158,112996,83.8,226149,159035,20275,12673,20468,16926,11972,9958,6575,3513,1092,103457,19381,11714,21236,16005,12816,10875,7185,4053,1685,104947,763,277,424,322,1160,1213,2663,2594,3849,4083,3656,3775,8062,5711,4008,3138,6149,4741,477,760,264,911,1363,2130,1236,1172,1430,1653,1330,1238,1036,1615,334,201,552,273,579,690,478,5060,24964,25106,13909,3708,893,1703,14814,5512,136,30,166,54771,3900,606,549,452,486,3761,4661,30,98,1592,595,181,15,3,422,216,38,496,974,34,11,8486,104676,10508,102496,18978,207176,67720,0.366946626930371,15221,0.0730360261799198,31.57
LGA16350,Penrith(C),Penrith,34,2000,728,370,1858,0.8,1658,2.9,96822,99243,404.7,196066,169009,20238,12921,13590,12511,11224,10007,6612,2463,606,90173,19327,12506,14416,13040,11879,10812,6762,2991,1044,92784,364,121,288,278,1028,1141,2796,2445,3562,3781,3385,3629,7483,5174,3321,2156,3832,4296,712,369,165,659,1116,2206,1074,1036,1283,1459,1009,823,571,691,135,70,185,53,269,716,184,1304,6465,29177,19780,4216,1053,1486,5354,770,12,12,96,63086,4666,1721,434,185,369,1307,1379,0,21,1943,436,96,0,0,46,92,20,525,564,7,18,6346,90500,7738,91503,14082,181996,53305,0.344403165885963,12232,0.0668557780073349,13.56
LGA16380,PortMacquarie-Hastings(A),Port.M.H,48,1671,540,310,1300,0.8,1042,2.3,37697,40846,3683,78539,70724,6369,3515,2873,3594,4390,4783,4997,2860,922,34295,6122,3450,3234,3994,5013,5457,5411,3339,1310,37332,152,91,128,151,695,764,2588,1851,2219,2050,1303,1270,2175,1346,755,448,835,1861,414,208,113,507,1019,2339,1127,844,822,649,382,272,191,267,39,20,122,22,134,696,112,1257,6416,13031,7559,1362,283,829,13,111,4,3,42,20841,1536,345,220,153,182,905,0,0,0,3,0,3,0,0,4,10,0,216,5,4,10,7058,30649,8451,32400,15507,63022,27714,0.423495973472288,8817,0.123092602158344,1.53
LGA16400,PortStephens(A),Port.S.,45,1733,571,305,1431,0.8,1180,2.5,34384,35174,858.4,69556,62200,6107,3585,2893,3430,4070,4144,4087,2051,501,30867,5754,3435,3086,3758,4356,4559,4208,2142,692,31995,150,87,138,132,607,567,1824,1363,1786,1639,1199,1171,2082,1405,792,450,914,1843,302,168,85,357,666,1564,765,566,645,562,303,251,166,210,28,3,99,14,115,436,72,693,3812,10444,8048,1381,257,746,30,219,15,4,18,19479,1254,321,161,112,135,685,0,0,3,19,6,0,5,0,14,16,4,232,14,15,10,5134,29262,5641,29536,10775,58793,23230,0.407265204509196,6360,0.101170781369305,2.62
LGA16490,Queanbeyan-PalerangRegional(A),Queanbeyan.R.,38,2100,933,300,2303,0.8,1882,2.6,28133,27899,5318.9,56027,48705,5365,3156,3443,3519,4016,3170,1891,772,185,25516,4943,3087,3530,3688,4145,3113,1820,849,299,25471,76,38,70,71,240,237,564,550,778,785,743,841,1843,1496,1235,994,2224,1451,154,92,63,211,382,707,388,441,492,607,502,435,308,478,36,35,164,25,80,211,71,1211,3842,6545,6149,1426,346,436,14,268,10,8,47,21247,1720,321,267,156,160,730,3,0,0,12,4,0,0,0,63,36,13,237,6,8,7,1981,26145,2258,25639,4245,51795,12179,0.270278067508488,5171,0.101416019455558,2.69
LGA16550,Randwick(C),Randwick,34,2600,834,550,2421,1,1916,2.5,69179,71482,36.3,140660,99563,10053,9391,11414,9027,7299,5558,4020,2283,839,59885,9676,9450,11991,9747,8058,6249,4653,2904,1372,64094,464,144,220,144,548,552,1134,1100,1517,1591,1459,1469,3507,2936,2312,2211,6846,3227,389,1277,318,877,1227,1697,1079,910,1142,1305,1162,1095,939,1752,457,314,967,463,970,649,608,6277,19447,13340,6507,2120,638,1441,527,14825,11,8,203,29481,2442,352,1059,1418,414,4322,2245,0,3,147,75,41,19,77,363,168,181,353,255,80,29,5833,63346,7627,63836,13473,127198,38970,0.32556934952965,13099,0.105652433417754,32.79
LGA16610,RichmondValley(A),Richmond.V.,44,1300,491,250,1191,0.8,953,2.4,11318,11489,3047.4,22807,20622,2080,1221,900,1066,1325,1503,1285,711,204,10290,1996,1199,938,1174,1341,1493,1236,798,286,10460,51,17,48,53,262,232,757,523,685,593,362,399,546,312,130,80,96,511,127,54,33,165,316,710,309,238,258,181,90,54,43,43,3,0,27,3,41,193,81,341,1647,3838,2003,305,69,259,0,35,0,3,7,5614,457,134,49,57,49,339,0,0,0,0,0,0,0,0,0,3,0,50,0,0,0,1653,9661,1909,9589,3560,19244,8401,0.455560978254975,2505,0.120699624168835,1.34
LGA16700,Ryde(C),Ryde,36,2200,738,460,2106,1,1786,2.7,56509,59791,40.5,116302,85971,9444,7085,9656,7982,6515,5393,3668,2082,842,52658,8846,7026,10209,8274,7118,6122,4098,2674,1322,55688,485,160,199,147,540,522,1281,1242,1776,1816,1687,1690,3723,2803,2127,1815,4542,2580,250,682,187,534,768,1397,774,744,896,1054,856,805,651,1025,198,103,414,138,304,366,156,4358,13396,12183,7225,2413,681,859,6763,5800,199,7,87,28048,1991,296,409,330,250,2357,1708,28,22,466,198,65,28,3,258,128,43,306,318,34,11,5002,51496,6746,53044,11751,104554,36109,0.370976524374583,9577,0.088394373477073,32.65
LGA16900,Shellharbour(C),Shellharbour,39,1846,579,340,1562,0.8,1343,2.7,33444,35015,147.4,68460,61600,6709,4358,3594,3886,4139,3775,2889,1469,419,31234,6359,4233,3946,4228,4553,4143,3061,1744,566,32832,131,84,130,143,505,558,1714,1172,1501,1476,1248,1246,2318,1564,932,596,998,1749,261,120,68,298,619,1237,471,390,428,421,231,198,137,208,31,10,64,10,76,299,40,569,2892,10711,7297,1383,225,528,352,242,8,4,17,21766,1459,311,108,75,139,384,51,0,0,157,20,12,0,0,3,18,8,153,36,3,4,3522,29940,4247,30758,7769,60685,22869,0.41690669777956,4861,0.0758808011114407,4.21
LGA16950,Shoalhaven(C),Shoalhaven,48,1517,511,280,1226,0.7,992,2.3,49284,50364,4566.7,99650,88582,7942,4557,3961,4324,5317,6612,6540,3484,991,43722,7496,4364,4233,4733,5850,7179,6742,3709,1306,45618,224,150,235,255,1093,949,3410,2308,2759,2509,1657,1494,2470,1511,821,458,886,2597,518,247,165,727,1297,2849,1331,983,942,799,481,374,266,275,17,6,133,16,148,832,123,1230,6228,16281,10900,1970,400,1061,98,112,4,6,44,24870,1756,478,204,257,247,1141,23,0,0,54,12,0,0,0,11,12,6,180,19,0,9,8517,40760,9447,40916,17976,81671,36491,0.437899006384102,10916,0.122186279228556,1.82
LGA17000,Singleton(A),Singleton,36,1950,684,280,1981,0.8,1682,2.7,11701,11288,4892.7,22987,20443,2292,1371,1303,1363,1527,1250,790,350,79,10323,2247,1321,1312,1439,1513,1208,710,364,142,10251,34,21,35,38,150,156,324,287,389,389,328,365,813,581,358,273,620,615,86,59,31,110,165,299,125,129,147,159,120,95,85,161,12,8,71,6,38,80,42,174,817,3101,2832,516,93,154,7,26,0,0,11,7566,472,122,72,26,137,386,3,0,0,12,0,0,0,0,3,0,0,84,4,0,4,904,10804,996,10288,1900,21097,6576,0.362773762895129,1717,0.0834264612992566,1.56
LGA17040,SnowyMonaroRegional(A),Snowy.M.R.,43,1300,675,220,1569,0.8,1200,2.3,10461,9756,15163.5,20218,17517,1681,982,912,1029,1282,1312,1023,507,123,8851,1514,878,919,1062,1331,1191,963,476,203,8543,34,30,43,35,144,138,419,302,437,446,343,339,619,390,224,153,234,549,81,51,37,143,252,446,267,238,265,192,135,97,68,94,19,10,44,11,46,145,51,362,1223,3276,1773,402,160,269,26,50,3,0,14,5971,559,123,29,52,132,750,3,0,0,42,18,0,0,0,5,3,0,65,24,0,3,1245,9204,1323,8420,2551,17661,5588,0.333532290796228,2291,0.131681802506035,3.04
LGA17080,SnowyValleys(A),Snowy.V.,45,1300,577,180,1418,0.8,1120,2.3,7278,7119,8959,14395,12465,1227,661,611,705,865,921,782,423,105,6299,1210,606,634,726,823,943,770,418,176,6311,36,24,41,46,133,117,352,244,325,343,243,237,469,245,132,68,108,458,87,29,19,113,180,369,162,124,144,134,76,70,48,55,4,3,18,4,11,101,26,174,863,2602,1337,199,32,152,13,8,0,0,4,3997,317,96,20,13,34,289,0,0,0,0,0,0,0,0,0,0,0,28,0,0,3,1048,6228,1135,5970,2191,12213,4581,0.388582576978539,1575,0.124940504521656,1.02
LGA17100,Strathfield(A),Strathfield,32,2167,682,470,1894,1.1,1781,3,20434,19874,14,40312,26632,3021,3018,4503,2474,2054,1772,1059,611,207,18720,2864,2789,3992,2394,2336,1866,1114,757,342,18447,146,50,94,77,162,192,440,419,650,606,567,571,1205,824,587,448,1368,934,99,169,55,149,214,335,192,207,219,243,218,183,134,274,84,60,94,128,181,88,62,766,4944,3123,1886,1077,352,456,4885,390,0,6,26,8569,743,98,76,69,129,623,1160,9,29,228,122,33,0,3,18,13,5,84,207,0,0,1468,18970,1841,18024,3314,37006,12963,0.380302763597958,2217,0.0596545043590571,41.04
LGA17150,SutherlandShire(A),Sutherland.S.,40,2427,837,450,2312,0.9,1979,2.7,106713,111750,333.6,218464,196928,20767,12715,11947,13821,13874,12443,8867,4469,1625,100530,19540,12113,12757,14815,14955,13235,9690,5418,2545,105068,373,211,242,181,891,849,2326,2338,3401,3327,2890,3280,7332,6352,4866,3689,9643,5713,681,448,211,714,1239,2663,1533,1368,1503,1674,1112,1126,841,1302,182,90,540,92,333,810,188,3467,16100,27110,21042,6012,1067,1372,12937,537,18,10,121,68215,3651,1029,459,419,447,2410,1257,26,41,2855,572,145,0,4,47,41,15,563,492,5,21,11247,95474,14562,97182,25813,192664,55054,0.311366746977049,16042,0.0780283279505039,20.31
LGA17200,Sydney(C),Sydney,32,2499,953,565,2524,1.2,1926,2,107852,100530,26.7,208374,116534,6290,12831,29423,15954,10056,6927,4409,1830,518,88249,6203,15478,28615,12950,7882,6458,4258,2077,686,84618,775,187,306,235,632,607,1150,1183,1673,1763,1644,1825,4658,3858,3293,3211,9395,3608,322,3661,663,1713,2368,2672,1721,1829,2374,3030,2848,2898,2505,5462,1161,854,4086,1750,2445,1048,4066,27033,34411,13020,3153,677,366,2695,19793,14433,81,705,1039,23343,2582,146,1425,3501,1180,28120,4123,57,243,225,149,442,23,135,111,112,274,489,676,93,46,5192,102661,5639,94902,10827,197550,54951,0.282762843734563,31852,0.184254063747325,40.72
LGA17310,TamworthRegional(A),Tamworth.R.,40,1500,633,260,1446,0.8,1180,2.5,29077,30581,9884.4,59663,52985,5811,3070,3135,2979,3295,3264,2610,1400,373,25931,5466,3014,3366,3320,3655,3598,2819,1677,633,27553,98,48,114,117,476,533,1378,1084,1429,1359,1006,1032,1832,1084,626,375,644,1538,311,135,79,363,607,1330,678,576,634,549,327,239,196,227,47,24,97,30,117,401,66,687,3064,9326,6502,1189,235,670,11,104,10,0,39,18360,1455,438,181,87,139,882,0,0,0,4,0,0,0,0,4,14,0,147,3,3,12,3418,25650,4310,26264,7735,51940,17615,0.370452155625657,5973,0.111680347026158,1.37
LGA17350,Temora(A),Temora,46,1148,546,175,1329,0.7,1033,2.4,3036,3073,2802,6110,5682,601,302,257,264,359,404,368,180,55,2783,531,270,265,303,404,381,332,237,88,2814,10,8,12,9,57,46,193,113,184,159,111,121,172,83,56,37,46,133,45,10,7,37,92,198,90,66,61,36,21,16,11,7,0,0,17,0,10,61,3,101,347,1063,638,100,31,57,0,13,0,0,3,1558,106,39,13,16,21,181,0,0,0,0,0,0,0,0,0,0,0,15,0,0,0,465,2559,578,2499,1040,5076,2077,0.420956627482773,704,0.125894134477825,1.42
LGA17400,Tenterfield(A),Tenterfield,53,1079,454,180,1015,0.7,767,2.1,3253,3375,7322.8,6628,5785,470,247,172,263,377,555,512,226,39,2870,483,237,199,330,362,581,478,210,75,2958,17,22,23,27,123,88,254,143,176,169,77,91,110,55,23,15,38,189,41,33,24,91,123,274,84,89,72,60,24,14,19,18,0,0,8,3,8,49,40,162,540,1154,545,115,32,92,0,16,0,0,0,1316,86,70,16,7,36,134,0,0,0,0,0,0,0,0,0,4,0,18,0,0,0,558,2687,604,2771,1164,5461,2715,0.485601860132356,945,0.162120432321153,2.23
LGA17420,TheHillsShire(A),The.H.S.,38,2500,827,562,2464,0.8,2363,3.2,77451,79791,386.2,157243,135131,16839,10560,7619,10736,10531,8551,6257,2526,622,74235,15975,9772,8163,12032,11238,9229,6560,2690,921,76571,357,159,182,123,499,495,1300,1395,2079,2109,1866,2100,4985,4180,3533,3060,8778,4101,381,193,85,228,348,820,550,481,464,549,411,369,291,547,67,40,255,56,152,235,43,566,3216,11345,23139,7289,1575,674,883,8534,7,12,70,49804,2905,691,319,170,338,999,874,0,3,816,113,14,4,0,943,245,39,383,366,53,13,6300,71147,7031,72769,13324,143922,42160,0.341042379530986,5423,0.0359589154637261,19.37
LGA17550,Tweed(A),Tweed,47,1733,539,340,1332,0.8,1064,2.4,44109,47261,1307.7,91371,80131,7436,4288,3584,4407,5097,5699,5263,3058,1068,39898,7061,4057,3933,5048,5816,6561,5535,3557,1411,42976,174,129,165,166,785,853,2624,1868,2387,2246,1612,1487,2558,1562,862,482,911,2327,444,264,145,589,1142,2613,1430,916,981,848,485,325,260,251,55,18,135,14,212,758,240,1835,8073,14503,7661,1441,313,1022,33,319,9,4,45,24510,1593,421,211,290,264,992,10,0,0,59,0,3,0,6,18,27,11,208,20,20,11,7527,36576,8977,38282,16503,74862,32033,0.421198653552832,10108,0.12195945945946,2.57
LGA17620,UpperHunterShire(A),Upper.H.S.,41,1688,630,220,1589,0.8,1242,2.4,6970,7140,8096.1,14112,12262,1323,635,691,796,817,850,651,307,93,6163,1323,641,784,795,855,779,598,409,139,6326,33,20,37,28,104,94,305,226,305,301,207,233,436,292,186,106,216,353,76,31,31,80,141,332,136,150,137,117,80,53,58,72,9,3,26,6,21,113,15,169,787,2197,1504,277,77,141,3,18,0,0,0,4093,319,78,32,18,67,338,0,0,0,0,0,0,0,0,0,0,0,35,0,0,0,813,6147,992,6160,1807,12296,4172,0.372267332916927,1471,0.117793081358104,1.12
LGA17640,UpperLachlanShire(A),Upper.L.S.,48,1400,609,190,1498,0.7,1161,2.4,3917,3785,7127.4,7695,6927,656,322,256,353,540,567,504,247,64,3511,597,310,308,359,526,524,453,237,70,3392,15,12,17,16,78,55,178,149,172,165,143,139,219,143,102,51,101,211,43,33,12,62,81,182,97,72,87,65,38,28,18,30,0,0,25,0,10,48,14,99,406,1256,847,170,48,74,3,3,4,0,5,1984,153,102,33,4,36,161,0,0,0,0,0,0,0,0,3,3,0,30,0,0,0,596,3333,607,3174,1200,6483,2382,0.375354554049795,844,0.122301115780322,1.82
LGA17650,Uralla(A),Uralla,46,1346,552,190,1342,0.8,1058,2.4,2926,3120,3226.5,6048,5548,529,277,191,301,374,443,370,134,37,2656,559,278,240,326,442,457,325,168,53,2835,13,9,21,12,65,56,174,133,145,157,99,122,179,92,58,36,45,164,38,11,11,44,72,166,76,55,61,51,28,22,15,13,0,0,9,0,9,34,12,76,328,1055,573,142,45,56,0,6,0,0,0,1724,117,43,26,8,19,111,0,0,0,3,0,0,0,0,0,0,0,12,0,0,3,388,2550,414,2685,798,5263,2052,0.419803600654664,614,0.111758281761922,1.01
LGA17750,WaggaWagga(C),Wagga.W.,35,1517,696,265,1682,0.8,1354,2.5,30504,31880,4824.5,62385,55678,6210,3889,3707,3362,3273,3125,2150,1076,356,27164,5925,4006,4074,3577,3628,3392,2309,1485,562,28959,90,65,104,107,417,452,1087,963,1255,1353,1072,1138,2077,1399,845,477,865,1521,291,112,93,385,551,1043,607,615,680,656,468,289,274,328,52,34,107,23,152,355,56,476,3681,9088,7014,1281,227,583,11,99,5,5,72,21337,1713,238,161,182,284,1356,0,0,0,12,0,0,0,0,12,3,4,140,3,3,8,2810,27707,3756,28139,6556,55831,17036,0.342845642986516,5881,0.104789565589252,1.16
LGA17850,Walcha(A),Walcha,48,1083,577,148,1329,0.7,1054,2.3,1551,1540,6261,3092,2694,233,123,127,129,194,217,216,88,16,1353,238,123,120,150,183,197,190,101,32,1336,11,7,9,3,22,29,80,65,83,68,48,65,77,33,28,15,38,87,28,7,10,27,48,73,39,35,29,25,21,5,13,4,0,0,13,0,0,32,12,32,180,520,307,74,21,43,3,3,0,0,0,719,60,38,24,0,30,103,0,0,0,0,0,0,0,0,0,0,0,9,0,0,0,263,1292,288,1259,558,2543,963,0.376760563380282,359,0.133655994043187,1.52
LGA17900,Walgett(A),Walgett,43,750,464,145,1039,0.9,806,2.3,3235,2875,22308.4,6107,5181,547,263,308,293,347,463,362,162,24,2760,525,222,328,292,378,321,238,119,31,2466,24,15,24,29,86,73,160,121,128,110,70,59,101,63,27,22,38,162,57,29,22,90,128,187,65,55,79,65,32,27,14,25,0,0,16,0,18,80,51,272,504,753,444,102,24,134,0,8,0,0,0,1136,117,41,13,12,31,242,0,0,0,0,0,0,0,0,0,0,0,12,0,0,0,440,2792,325,2561,763,5332,2257,0.462026612077789,853,0.163035168195719,1.24
LGA17950,Warren(A),Warren,43,899,649,144,1468,0.7,1104,2.4,1366,1366,10753.8,2732,2396,245,105,130,119,155,183,163,68,17,1193,261,102,129,142,161,152,129,71,17,1168,9,3,11,3,23,19,58,44,58,57,34,50,91,48,18,17,29,97,17,9,4,31,38,60,25,28,37,30,16,13,14,8,0,0,3,0,0,28,3,34,135,440,278,58,19,39,0,0,0,0,0,679,42,25,4,4,19,80,0,0,0,0,0,0,0,0,0,0,0,3,0,0,3,186,1189,202,1176,391,2331,760,0.352995819786345,313,0.132683340398474,0.35
LGA18020,WarrumbungleShire(A),Warrumbungle.S.,49,923,479,160,1103,0.7,878,2.3,4689,4692,12372.1,9384,8199,768,393,304,384,528,654,614,331,85,4060,751,357,357,412,572,613,552,314,105,4032,20,24,22,30,127,98,318,217,236,219,114,119,211,101,47,30,58,272,75,30,26,73,148,302,114,74,92,81,33,28,17,31,0,0,18,0,14,100,29,141,583,1562,871,181,40,108,0,19,0,0,0,1849,131,87,43,5,42,290,0,0,0,0,0,0,0,0,0,0,0,29,0,0,3,854,3842,860,3836,1710,7677,3432,0.445772178204962,1108,0.136959208899876,1.92
LGA18050,Waverley(A),Waverley,35,3000,1151,622,2917,1,2308,2.4,32485,34334,9.4,66812,47771,5061,2593,6299,5286,3626,2413,1741,908,394,28323,4765,2800,7274,5210,3610,2567,2023,1222,595,30070,111,55,58,48,161,179,374,418,584,650,570,641,1507,1278,1069,1289,4516,1671,176,233,87,290,383,695,465,477,605,706,629,606,530,1060,288,212,983,535,722,292,485,3715,10420,5777,3002,900,187,679,3431,2960,306,16,174,13451,1113,123,977,839,245,2134,4495,24,4,203,127,107,17,3,63,41,51,274,331,23,13,2537,29932,3401,30930,5942,60879,12117,0.215946962271212,6979,0.119513656991181,39.55
LGA18100,Weddin(A),Weddin,51,910,492,135,1193,0.7,904,2.2,1834,1831,3414.9,3664,3262,291,129,114,173,218,259,261,140,45,1620,274,122,126,177,213,247,253,134,63,1605,6,6,14,10,43,33,136,89,109,100,56,43,71,52,29,13,41,83,25,10,10,32,65,140,50,39,35,32,13,14,12,6,0,0,6,0,12,40,10,54,263,574,405,81,17,47,0,10,0,0,0,766,56,25,8,6,15,105,0,0,0,0,0,0,0,0,0,0,0,9,0,0,0,346,1498,368,1475,714,2938,1366,0.447722058341527,474,0.146703806870938,1.9
LGA18200,Wentworth(A),Wentworth,44,1200,555,160,1308,0.8,1052,2.4,3512,3288,26256.2,6794,5973,628,312,271,313,435,455,382,177,38,3015,560,310,297,347,399,422,338,154,51,2875,17,10,18,22,74,59,169,132,158,161,77,105,180,97,70,39,65,201,51,16,18,47,69,142,73,66,74,47,38,19,18,21,3,0,12,0,4,51,21,114,376,1118,594,95,11,95,0,21,0,0,0,1816,126,23,7,8,38,143,0,0,0,0,0,0,0,0,0,0,0,18,0,0,0,448,3055,428,2857,866,5935,2193,0.39735459322341,659,0.111979609175871,1.77
LGA18250,Willoughby(C),Willoughby,37,2877,946,580,2671,1,2271,2.7,35686,38624,22.4,74302,54978,7075,3819,4942,5527,4471,3261,2322,1197,495,33114,6673,3936,5509,6113,4947,3724,2665,1484,701,35749,380,95,125,93,283,274,530,556,825,846,741,833,2013,1458,1170,1540,5356,2014,167,354,108,228,332,563,390,357,436,538,498,476,402,777,122,114,571,166,251,181,225,2838,8482,7180,4978,1645,318,485,6968,4123,7,10,99,13141,1091,81,265,334,191,2858,1018,3,9,221,105,64,0,0,124,55,50,161,151,23,8,3026,32652,3921,34701,6944,67355,19025,0.317617990283644,5534,0.080368294170612,42.02
LGA18350,Wingecarribee(A),Wingecarribee,47,1842,645,350,1639,0.7,1335,2.4,22894,24988,2689.3,47882,42343,4004,2182,1818,2159,2720,2813,2961,1608,390,20644,3824,2097,1859,2488,3195,3235,3433,1750,549,22438,111,74,87,64,324,311,921,813,1095,1067,841,805,1541,984,626,468,1005,1416,200,123,71,214,448,952,540,417,475,408,256,204,171,225,18,13,129,11,69,293,47,425,2312,7038,5912,1322,327,384,263,96,3,4,21,13509,947,351,56,58,129,662,19,0,0,142,24,11,0,0,3,15,0,120,24,0,6,3948,18948,4638,20330,8588,39298,14524,0.367947711093659,4642,0.107743013647758,4.4
LGA18400,Wollondilly(A),Wollondilly,37,2167,738,365,2032,0.8,1871,3,24207,24314,2555.4,48519,44193,5285,3050,2594,2985,3123,2731,1868,797,189,22618,4906,2903,2751,3192,3255,2805,1826,822,288,22752,68,26,52,49,255,216,674,545,789,779,730,826,1812,1356,890,649,1331,1294,210,62,36,114,213,481,194,224,237,222,156,130,96,130,11,6,45,6,28,154,41,292,1213,4815,6235,1736,439,318,369,67,3,0,18,16935,863,634,65,23,86,339,41,0,0,437,55,0,0,0,3,6,0,101,50,3,9,1983,22227,2099,22235,4071,44433,12931,0.341728329809725,2310,0.0509068470811204,5.64
LGA18450,Wollongong(C),Wollongong,39,1950,584,320,1710,0.9,1339,2.6,100542,103087,684,203630,176569,18004,13540,12159,11935,12202,10803,8093,4754,1523,93023,17170,12554,12103,12504,12679,11685,8815,5852,2363,95723,442,272,380,343,1539,1451,4210,3053,3978,3831,3037,3226,6346,4734,3103,2052,4190,4864,721,627,323,1416,2438,4234,1885,1539,1655,1729,1166,986,749,980,159,80,372,71,576,1201,283,3400,16107,31567,16238,3659,801,1898,2994,1585,13,11,123,58537,4297,659,430,577,373,2631,287,0,10,1041,193,92,0,0,72,86,34,523,189,24,25,11274,89264,14319,88776,25587,178046,70007,0.419020428196058,18869,0.0999698008445167,9.56
LGA18500,Woollahra(A),Woollahra,39,3200,1365,650,3626,0.9,2687,2.3,25232,29009,12.3,54240,42756,3832,2184,3667,3271,2959,2390,2231,1096,472,22109,3826,2379,4657,3753,3329,2791,2648,1412,709,25498,129,52,43,43,106,96,201,256,404,426,358,411,1051,881,834,1180,5009,1538,183,208,66,154,243,389,403,364,491,623,522,504,463,973,142,111,1183,405,409,254,301,2328,7263,6229,2903,1197,329,549,3367,2300,750,4,246,10419,969,54,361,341,219,2443,1216,79,3,148,66,57,30,3,36,20,32,185,192,21,9,3032,22188,3997,24998,7044,47187,9370,0.204746088628616,6284,0.131991850280409,36.1
LGA18710,YassValley(A),Yass.V.,42,2000,869,300,2214,0.8,1879,2.7,7931,8209,3995.3,16142,14705,1653,795,644,954,1119,976,719,292,84,7248,1566,823,720,1082,1201,981,693,312,122,7498,18,18,19,17,64,74,186,176,286,278,230,229,537,438,312,254,668,433,59,12,9,49,91,207,111,90,106,118,84,85,43,92,15,5,25,5,15,60,26,122,615,1987,1988,541,138,103,0,69,3,0,3,5262,451,158,41,9,56,261,0,0,0,0,0,0,0,0,27,16,3,51,0,0,7,779,7146,895,7318,1680,14463,3655,0.286801632140615,1104,0.0748525323750763,2.63
LGA19399,UnincorporatedNSW,Unincorporated,41,1083,717,110,1427,0.8,1270,2.5,569,492,93214.2,1056,902,85,32,58,71,65,73,53,23,6,466,72,28,49,60,52,67,41,8,10,389,10,0,4,3,3,0,15,16,26,17,7,11,30,14,5,8,12,38,8,3,0,5,4,9,10,16,7,11,7,7,3,12,0,0,0,0,4,6,0,31,52,99,94,20,19,19,0,0,0,0,0,148,12,4,23,56,18,110,0,0,0,0,0,0,0,0,0,0,0,13,0,0,3,56,508,47,446,108,944,266,0.306098964326812,97,0.114117647058824,3.36